{"seq_length": 100, "batch_size": 64, "learning_rate": 0.0016820465658794106, "d_model": 64, "n_layers": 1, "n_heads": 32, "d_ff": 256, "dropout": 0.30000000000000004}